OBJECTID,POPCHANGE,PCTCHANGE,EMPCHANGE,EMPPCTCHANGE,EMPDEN2045,EMPDENCHANGE,GIS_ID,GLOBALID,CREATOR,CREATED,EDITOR,EDITED,SHAPEAREA,SHAPELEN
1,5.66093397,5.6609339,-7e-08,0.29490709,0.29490709,0,MoveDC_Pop_Emp_ForecastsPly_313,{CFCB9A17-8426-4004-A2A9-F9DE2E5EB1F1},,,,,0,0
2,3.39170885,3.39170897,1.2e-07,0.30921563,0.30921563,0,MoveDC_Pop_Emp_ForecastsPly_312,{BB4CFF89-BD39-4989-8A33-CA222B7E7369},,,,,0,0
3,9.24008656,13.09618602,3.85609946,9.60386975,10.98624494,1.38237519,MoveDC_Pop_Emp_ForecastsPly_326,{9EDD3911-0757-4B5B-8F39-C5412EFD9573},,,,,0,0
4,0.73418748,0.73418748,0,0.16184964,0.16184964,0,MoveDC_Pop_Emp_ForecastsPly_308,{1CD6590E-6A54-4540-9BC7-A6FA81138C92},,,,,0,0
5,3.16485715,3.1648572,5e-08,0.50214853,0.50214853,0,MoveDC_Pop_Emp_ForecastsPly_311,{B25A90E0-C80D-41DD-AF08-C9056066DADB},,,,,0,0
6,9.16346264,9.16346296,3.2e-07,0.95215379,0.95215379,0,MoveDC_Pop_Emp_ForecastsPly_325,{39AE62A3-B514-4153-B6C4-84C77741410C},,,,,0,0
7,20.37237167,26.61194445,6.23957278,4.77344295,11.84836733,7.07492437,MoveDC_Pop_Emp_ForecastsPly_327,{4528230E-C7E1-48D7-A449-D7D76FF94529},,,,,0,0
8,15.37953758,22.75586539,7.37632781,9.73758794,15.65118749,5.91359955,MoveDC_Pop_Emp_ForecastsPly_324,{10B39EC5-ABC0-434A-B70B-81D9161583F3},,,,,0,0
9,0,0,0,0,0,0,MoveDC_Pop_Emp_ForecastsPly_309,{2907A73A-2248-49ED-8620-DD6D0C29B8F4},,,,,0,0
10,10.16804886,10.16804931,4.5e-07,2.25802257,2.25802257,0,MoveDC_Pop_Emp_ForecastsPly_310,{CD97BF0E-2A05-42AD-9451-559C72C2342F},,,,,0,0
11,16.33835602,23.36802143,7.02966542,8.87856419,12.72401607,3.84545188,MoveDC_Pop_Emp_ForecastsPly_328,{5CAFFD3D-01FF-4D30-8534-8E1CC346B4F4},,,,,0,0
12,19.87897873,26.69787178,6.81889305,3.88914129,4.53905084,0.64990955,MoveDC_Pop_Emp_ForecastsPly_32,{E1DF6ED4-7A16-41A8-AD63-D7DF7C8AE397},,,,,0,0
13,3.00708556,27.70573271,24.69864715,38.00246692,56.52645223,18.52398532,MoveDC_Pop_Emp_ForecastsPly_31,{1C131B0D-501C-46D1-A5F3-B5273A0E837D},,,,,0,0
14,21.8560791,24.97399954,3.11792044,2.58166805,3.50861711,0.92694906,MoveDC_Pop_Emp_ForecastsPly_25,{77BEF6E3-858A-4F98-8B86-96493C1EBC0E},,,,,0,0
15,13.70683002,15.65596606,1.94913604,1.86530252,1.86530252,0,MoveDC_Pop_Emp_ForecastsPly_305,{D2C5CCC7-628B-4B5B-A63C-9C6253C6C1A7},,,,,0,0
16,10.6861515,12.01468033,1.32852883,3.04077477,3.82268829,0.78191351,MoveDC_Pop_Emp_ForecastsPly_323,{C031390D-B303-4F85-BFC1-5D57979D8515},,,,,0,0
17,37.28623199,56.78348874,19.49725674,2.53551762,6.60445173,4.06893411,MoveDC_Pop_Emp_ForecastsPly_24,{44CE9BEE-13B8-4595-98B1-E6B9AA65D99D},,,,,0,0
18,58.99053192,85.02665129,26.03611936,2.44844869,2.44844869,0,MoveDC_Pop_Emp_ForecastsPly_30,{9F3E4041-8239-49A8-BC9C-CBFDCC06C338},,,,,0,0
19,17.14094353,18.73899016,1.59804663,3.1326772,3.73511513,0.60243792,MoveDC_Pop_Emp_ForecastsPly_304,{F2EF20C6-C777-47E1-98B5-99599D804C7F},,,,,0,0
20,9.81937885,11.28796616,1.46858731,2.3151849,2.3151849,0,MoveDC_Pop_Emp_ForecastsPly_306,{4AA1BE8F-8F88-415D-90B0-41E2218E67F6},,,,,0,0
21,0,0,0,0,0,0,MoveDC_Pop_Emp_ForecastsPly_307,{61073443-EEF0-4D1D-8DFE-2F7B709F544C},,,,,0,0
22,12.27020836,12.89984325,0.62963489,0.79856173,0.79856173,0,MoveDC_Pop_Emp_ForecastsPly_329,{AAAD7EF4-A83E-43E4-A309-01D9D9D8A5D8},,,,,0,0
23,18.88027191,18.88027235,4.4e-07,7.92992784,8.0473292,0.11740135,MoveDC_Pop_Emp_ForecastsPly_295,{92D936CB-8BBA-424C-9015-D815D9D40C43},,,,,0,0
24,21.94929695,22.26592296,0.31662601,5.94438861,6.43464746,0.49025885,MoveDC_Pop_Emp_ForecastsPly_330,{C0DAD730-11D0-44B0-85D3-9665D22C988C},,,,,0,0
25,19.74256897,22.52614271,2.78357374,5.42846359,6.30018767,0.87172408,MoveDC_Pop_Emp_ForecastsPly_23,{F1E3AD01-28FC-45C1-A949-2F5CC11A98A7},,,,,0,0
26,14.55102634,19.15088186,4.59985552,6.74038172,9.87147121,3.13108948,MoveDC_Pop_Emp_ForecastsPly_322,{47CA4411-8F63-4A73-BA70-E1A008A8F81A},,,,,0,0
27,1.90577054,2.04161156,0.13584102,0.24371488,0.24371488,0,MoveDC_Pop_Emp_ForecastsPly_298,{A562CCB9-D2BB-41A3-8BD2-CE33877E74F2},,,,,0,0
28,34.2110405,49.86115497,15.65011447,2.66824559,8.0855927,5.41734711,MoveDC_Pop_Emp_ForecastsPly_320,{3C71C22F-622B-4F0D-A20B-663E4B35C9F9},,,,,0,0
29,0,0,0,0,0,0,MoveDC_Pop_Emp_ForecastsPly_299,{9E21ACF7-1301-47A9-A56F-ACFEAD508F7C},,,,,0,0
30,22.60032272,24.50184948,1.90152675,0.68430771,1.3625596,0.67825189,MoveDC_Pop_Emp_ForecastsPly_333,{C383780B-C660-4257-9BED-7FAE6392EE10},,,,,0,0
31,15.06564045,19.11921292,4.05357247,21.91592843,22.30713566,0.39120723,MoveDC_Pop_Emp_ForecastsPly_293,{6486FABA-C88A-446D-8DC8-26E5A04616C1},,,,,0,0
32,14.91368294,16.45251084,1.5388279,2.09970855,2.09970855,0,MoveDC_Pop_Emp_ForecastsPly_294,{74365DF6-AF27-450F-A529-6EE290A67D4F},,,,,0,0
33,19.31071472,20.282785,0.97207028,5.94678513,6.0366404,0.08985527,MoveDC_Pop_Emp_ForecastsPly_302,{B8CFCEFF-4229-4482-94C0-2709052B3F11},,,,,0,0
34,6.42029524,6.80269508,0.38239984,2.5157896,2.5157896,0,MoveDC_Pop_Emp_ForecastsPly_303,{10312E4E-3F38-466D-8524-14EE984DE19A},,,,,0,0
35,44.38544464,65.02659317,20.64114853,10.18110735,18.64211894,8.46101159,MoveDC_Pop_Emp_ForecastsPly_26,{0CC78083-2F63-4128-940B-571EF0DD3A96},,,,,0,0
36,10.76452637,15.01789869,4.25337232,22.8108917,26.5835743,3.7726826,MoveDC_Pop_Emp_ForecastsPly_290,{E32554C3-3DC7-41D1-A107-9FB59DBA4C3E},,,,,0,0
37,7.3661418,7.97802559,0.61188379,0.58834997,0.58834997,0,MoveDC_Pop_Emp_ForecastsPly_331,{D425ECDD-93D2-4322-B8BE-9D63B1128CAD},,,,,0,0
38,30.47292137,37.25052046,6.77759908,6.84064565,9.38355847,2.54291282,MoveDC_Pop_Emp_ForecastsPly_321,{34C99B78-2D1E-47A5-BF7E-2A2F35F15AB4},,,,,0,0
39,50.76915359,81.01817391,30.24902031,19.26208482,61.97974174,42.71765691,MoveDC_Pop_Emp_ForecastsPly_33,{0803DBFD-B531-4409-B95A-7DDA0DEE834C},,,,,0,0
40,12.33709717,15.96411988,3.62702272,2.92249334,3.5330857,0.61059236,MoveDC_Pop_Emp_ForecastsPly_288,{D8E44243-0E2B-4F76-B3A9-D2C4B6CB5605},,,,,0,0
41,14.41550064,16.82268278,2.40718214,4.78677403,6.1248636,1.33808957,MoveDC_Pop_Emp_ForecastsPly_319,{13BCC9B8-4F57-4E0D-860D-55F5CC848784},,,,,0,0
42,28.7050724,32.46228103,3.75720863,2.62562567,3.04996921,0.42434354,MoveDC_Pop_Emp_ForecastsPly_292,{79FD978E-E307-4004-A7A4-E45C0DA63699},,,,,0,0
43,18.83338165,20.38404825,1.5506666,5.79696728,5.79696728,0,MoveDC_Pop_Emp_ForecastsPly_289,{D9AAC741-C7BF-428D-8CF4-480DFA8B8BCA},,,,,0,0
44,13.78366852,22.91742481,9.13375629,1.14294062,3.15041326,2.00747263,MoveDC_Pop_Emp_ForecastsPly_29,{A183D744-CA5B-4529-B13B-4AFFD43813C5},,,,,0,0
45,36.14714432,43.88718989,7.74004557,2.21375001,3.03784672,0.82409672,MoveDC_Pop_Emp_ForecastsPly_27,{87A0B8DD-F773-4104-B91B-69CCAE99E296},,,,,0,0
46,15.99510956,18.99451585,2.9994063,1.22044806,1.22044806,0,MoveDC_Pop_Emp_ForecastsPly_332,{01AF60E8-487F-4ECC-B336-CEA2BE786B95},,,,,0,0
47,11.99289513,38.54090325,26.54800813,17.84939039,22.34941764,4.50002725,MoveDC_Pop_Emp_ForecastsPly_291,{B0FEDDA5-D500-4831-9572-2F3240A592FA},,,,,0,0
48,3.76624107,7.0856401,3.31939903,10.75156973,14.08008792,3.32851819,MoveDC_Pop_Emp_ForecastsPly_296,{EEB874D6-7120-4068-8036-DF6FC85D566E},,,,,0,0
49,9.2853241,9.28532428,1.8e-07,1.31766377,1.31766377,0,MoveDC_Pop_Emp_ForecastsPly_344,{05483532-2533-4E2E-8431-F7F0FEAF5716},,,,,0,0
50,3.98042464,4.33780026,0.35737562,1.33091599,1.33091599,0,MoveDC_Pop_Emp_ForecastsPly_300,{ADA5D1D9-CC2B-4894-9B73-6355F4742DB6},,,,,0,0
51,18.11226082,18.43425727,0.32199645,0.48299364,2.0124735,1.52947986,MoveDC_Pop_Emp_ForecastsPly_334,{7AB86260-E2CC-4F31-84F6-8B0147704EB7},,,,,0,0
52,27.98134804,30.42152965,2.44018161,2.86183072,2.86183072,0,MoveDC_Pop_Emp_ForecastsPly_301,{777A4904-0101-4C68-95CD-5C11E5C1EB19},,,,,0,0
53,16.63072586,17.88324814,1.25252228,5.4894536,5.79098697,0.30153337,MoveDC_Pop_Emp_ForecastsPly_335,{2E9E739D-A88C-49ED-8B33-9C9942ABB469},,,,,0,0
54,8.65131283,8.65131289,6e-08,1.85825883,1.85825883,0,MoveDC_Pop_Emp_ForecastsPly_297,{F0BB547F-FF96-40AE-9857-81B323DA191E},,,,,0,0
55,37.66805649,47.58344647,9.91538998,2.56679599,2.56679599,0,MoveDC_Pop_Emp_ForecastsPly_314,{F9BF2D56-3FF9-4032-AEC2-85272AC58B07},,,,,0,0
56,37.59205246,46.99490031,9.40284785,2.06050098,3.20199918,1.1414982,MoveDC_Pop_Emp_ForecastsPly_316,{B9EA0E14-5059-4DD4-9204-A1ECEDAD1440},,,,,0,0
57,17.06441879,20.22950992,3.16509113,4.94545405,6.13236302,1.18690897,MoveDC_Pop_Emp_ForecastsPly_317,{8C8CF008-5474-47B0-AAEC-F7D9146A438A},,,,,0,0
58,23.5984478,28.37287619,4.77442839,2.85857488,4.3030675,1.44449262,MoveDC_Pop_Emp_ForecastsPly_315,{51016454-B833-4D91-A7D9-8D44A15BAD7D},,,,,0,0
59,22.43761063,26.48493918,4.04732855,14.8565102,14.90542053,0.04891032,MoveDC_Pop_Emp_ForecastsPly_318,{C620143D-36A2-4BD4-A440-FFBACEB83308},,,,,0,0
60,7.38426208,7.51433694,0.13007486,2.6715419,3.04175557,0.37021367,MoveDC_Pop_Emp_ForecastsPly_7,{48FD0F70-08D5-4C43-856E-44FE931FBC05},,,,,0,0
61,0.93066663,0.93066664,2e-08,21.17436444,21.17436444,0,MoveDC_Pop_Emp_ForecastsPly_286,{762B8FF0-2624-4224-86E5-136BBA3CE96B},,,,,0,0
62,14.07540321,14.86793752,0.7925343,7.2173428,7.2173428,0,MoveDC_Pop_Emp_ForecastsPly_287,{842EF506-776B-44F2-9CD1-106C5A72E06C},,,,,0,0
63,18.02829361,20.24780576,2.21951215,4.40761439,4.43902257,0.03140818,MoveDC_Pop_Emp_ForecastsPly_20,{EAE5E291-C8F7-4B65-A225-EE89E0D64589},,,,,0,0
64,9.43616009,14.96361838,5.5274583,23.84703299,25.9790525,2.13201951,MoveDC_Pop_Emp_ForecastsPly_18,{7022EB99-1F19-4AAB-814C-BFF39C808840},,,,,0,0
65,19.7891655,21.56203127,1.77286577,12.31070133,12.91211623,0.60141489,MoveDC_Pop_Emp_ForecastsPly_231,{41A5129E-3875-4C1F-AB58-7A8869B60C6F},,,,,0,0
66,6.35252666,6.35252653,-1.4e-07,5.063486,5.063486,0,MoveDC_Pop_Emp_ForecastsPly_345,{B5DEC8E3-BEC4-4664-AEDF-00949DCCA061},,,,,0,0
67,34.12812424,40.6066256,6.47850136,2.11367539,4.38200996,2.26833457,MoveDC_Pop_Emp_ForecastsPly_28,{54EC2D47-F9D4-451A-ADFF-6970AA3A5051},,,,,0,0
68,12.74071312,13.78734379,1.04663067,1.73096579,1.73096579,0,MoveDC_Pop_Emp_ForecastsPly_343,{A6856489-3909-4A9F-B5E6-6E0263103D10},,,,,0,0
69,11.30963802,15.80870153,4.49906351,16.36288111,16.36288111,0,MoveDC_Pop_Emp_ForecastsPly_336,{372614D8-5CAA-4141-84B3-A31740ACB945},,,,,0,0
70,12.91471481,24.40590332,11.49118851,32.81985212,53.43978136,20.61992924,MoveDC_Pop_Emp_ForecastsPly_10,{0780659E-74E2-4613-BE31-C7F74BBA46B0},,,,,0,0
71,20.18395042,20.24867096,0.06472054,15.48529301,15.48529301,0,MoveDC_Pop_Emp_ForecastsPly_8,{B5F4422D-3B7E-4F95-9CDC-0989F4DF3660},,,,,0,0
72,2.50857902,11.74150992,9.23293091,1.35992669,8.03570969,6.67578299,MoveDC_Pop_Emp_ForecastsPly_242,{6053130E-B24E-4B38-B6FC-F40CF30FE30F},,,,,0,0
73,5.2357831,5.53805505,0.30227195,0.57215773,0.57215773,0,MoveDC_Pop_Emp_ForecastsPly_230,{7C58E59B-373F-45C2-83E4-075112BC0A5F},,,,,0,0
74,13.67506599,16.50704986,2.83198387,27.14076356,27.14076356,0,MoveDC_Pop_Emp_ForecastsPly_19,{6106A6D4-50BD-41FB-A5DB-1B165FCC777F},,,,,0,0
75,10.11568165,10.11568206,4.1e-07,11.58124384,11.58124384,0,MoveDC_Pop_Emp_ForecastsPly_17,{E45B4A90-5363-4F86-B50F-78ECDD85B2DA},,,,,0,0
76,33.2471962,39.02002172,5.77282552,3.24721414,3.24721414,0,MoveDC_Pop_Emp_ForecastsPly_243,{B1374FFE-8B77-4DCF-BE1A-6C97E4BE23B3},,,,,0,0
77,37.84056473,49.38562427,11.54505954,12.39604699,18.3245912,5.92854421,MoveDC_Pop_Emp_ForecastsPly_236,{152C9242-3D9B-4DC3-9426-7D500AC01CED},,,,,0,0
78,55.24565125,77.99309822,22.74744698,1.31135391,3.32382773,2.01247382,MoveDC_Pop_Emp_ForecastsPly_234,{5BD8D9F4-60D6-4BD5-8274-79ECB406F9B4},,,,,0,0
79,50.7143364,65.58722583,14.87288943,10.60177075,13.40771529,2.80594454,MoveDC_Pop_Emp_ForecastsPly_235,{B2148B0B-DB5E-4B36-8699-DB48F071A111},,,,,0,0
80,18.04258537,19.22875434,1.18616897,1.60934223,1.60934223,0,MoveDC_Pop_Emp_ForecastsPly_229,{9BD0B195-875E-4637-81B0-17918040ABC3},,,,,0,0
81,12.27765656,12.90786755,0.63021099,0.36093904,1.16302579,0.80208675,MoveDC_Pop_Emp_ForecastsPly_346,{51528AC5-466C-4C9C-A7B0-8FA547D90273},,,,,0,0
82,15.4904995,15.57846856,0.08796906,22.70393852,22.70393852,0,MoveDC_Pop_Emp_ForecastsPly_241,{BED57E1B-E641-4329-9D84-C81E1A5C1CD8},,,,,0,0
83,13.74300671,17.00206252,3.25905581,8.24580399,10.26144497,2.01564098,MoveDC_Pop_Emp_ForecastsPly_337,{F37BEA49-AAFA-492C-8AED-931F183819C7},,,,,0,0
84,7.99006462,7.99006477,1.5e-07,3.11455858,3.11455858,0,MoveDC_Pop_Emp_ForecastsPly_342,{3807BE8C-1E5F-49BF-8B47-D95E1FB66B15},,,,,0,0
85,12.14901638,22.35968501,10.21066863,3.98353433,6.18134637,2.19781204,MoveDC_Pop_Emp_ForecastsPly_338,{16F5A7A6-DABF-4674-8AA8-BE3027A0EEEC},,,,,0,0
86,3.00946164,3.1915965,0.18213486,0.79842859,0.79842859,0,MoveDC_Pop_Emp_ForecastsPly_284,{CA83DA4F-6BD8-4543-ABEE-26ABB116D9E7},,,,,0,0
87,13.03106976,15.27749761,2.24642785,1.68258322,3.32041688,1.63783366,MoveDC_Pop_Emp_ForecastsPly_341,{02B51E58-5F0D-4B0D-98E8-179D6AB388BA},,,,,0,0
88,36.52215958,43.18388517,6.6617256,11.76258436,11.76258436,0,MoveDC_Pop_Emp_ForecastsPly_11,{FC518090-9EF9-4B6C-A94F-8B1F474C0F95},,,,,0,0
89,51.3790741,58.93719789,7.5581238,6.94700427,6.94700427,0,MoveDC_Pop_Emp_ForecastsPly_39,{DAC8C32F-4ABE-41CC-9CCF-3675FD87B2C3},,,,,0,0
90,28.07625008,36.72235233,8.64610225,10.46178316,10.46178316,0,MoveDC_Pop_Emp_ForecastsPly_13,{5C26D48A-4EBF-4125-8E1A-6CD9DD3F7B31},,,,,0,0
91,119.51972198,161.53782921,42.01810722,7.957442,9.32759758,1.37015558,MoveDC_Pop_Emp_ForecastsPly_35,{F2B9095E-A9B2-477B-8E0A-BA632C9D35D9},,,,,0,0
92,47.40924454,63.19856646,15.78932192,3.26106254,7.73986363,4.47880108,MoveDC_Pop_Emp_ForecastsPly_65,{BD0C62C3-547C-4C3D-AEDB-74890632DC4F},,,,,0,0
93,17.24360275,20.26168691,3.01808416,5.95754078,6.48978808,0.5322473,MoveDC_Pop_Emp_ForecastsPly_225,{5B533AF4-0D34-424D-B798-004EA3C9A4B9},,,,,0,0
94,16.42663956,19.77925198,3.35261242,4.11826068,4.11826068,0,MoveDC_Pop_Emp_ForecastsPly_9,{7394F5A3-9625-4FC0-9FC8-41E529EBA1E2},,,,,0,0
95,60.41222382,82.36951337,21.95728955,14.9309579,15.45318536,0.52222746,MoveDC_Pop_Emp_ForecastsPly_41,{40FDE058-0134-48E7-BC5F-A05263D335E0},,,,,0,0
96,15.07174683,17.59790578,2.52615895,7.0572063,7.31784176,0.26063546,MoveDC_Pop_Emp_ForecastsPly_228,{1267E7C6-8EE3-4D0B-9E3C-34B95F5F30CA},,,,,0,0
97,50.50588608,73.11129115,22.60540508,14.47237456,19.64458991,5.17221535,MoveDC_Pop_Emp_ForecastsPly_233,{39FEF672-3C42-40B3-966C-6965C2E83E26},,,,,0,0
98,64.8742981,81.62991266,16.75561457,5.15557343,5.40107693,0.2455035,MoveDC_Pop_Emp_ForecastsPly_80,{63D6BA6D-4840-4724-9979-11D7E295515A},,,,,0,0
99,8.99350357,10.03314284,1.03963927,2.66798929,2.66798929,0,MoveDC_Pop_Emp_ForecastsPly_12,{EB50DA71-185A-4AEB-B014-487D0048CC78},,,,,0,0
100,8.8316021,9.8821875,1.0505854,2.56521095,2.79908692,0.23387596,MoveDC_Pop_Emp_ForecastsPly_285,{79723707-5BDF-443B-BC86-5DB5EAF2B257},,,,,0,0
101,8.16955853,9.98705608,1.81749755,1.92152917,3.58603852,1.66450935,MoveDC_Pop_Emp_ForecastsPly_353,{BE7E4DF6-861E-4C38-A810-E84F7A233BBB},,,,,0,0
102,34.98439789,41.91849382,6.93409593,12.31701999,12.40935147,0.09233148,MoveDC_Pop_Emp_ForecastsPly_240,{D3E14EBA-F6BA-4E26-8C2D-8B8830E69BD0},,,,,0,0
103,4.74128389,4.99906247,0.25777857,1.03111417,1.03111417,0,MoveDC_Pop_Emp_ForecastsPly_214,{197E2C39-205F-46A8-8744-D14B6B5B9AAF},,,,,0,0
104,59.34366989,73.11868211,13.77501222,11.20474861,12.07489038,0.87014177,MoveDC_Pop_Emp_ForecastsPly_40,{8214E35F-C495-40B8-B51F-9966C4829C9B},,,,,0,0
105,26.56964302,30.62683272,4.0571897,1.96674734,1.96674734,0,MoveDC_Pop_Emp_ForecastsPly_37,{8E8A7C6E-3A2D-47CD-AD54-55C97E5D87D5},,,,,0,0
106,11.31105137,17.36129588,6.05024451,0.95995525,4.01665485,3.0566996,MoveDC_Pop_Emp_ForecastsPly_340,{FEF1BF47-82BF-4CC4-BAF7-4EBAC913EC99},,,,,0,0
107,56.70783615,78.81892592,22.11108977,5.15525787,6.6966971,1.54143923,MoveDC_Pop_Emp_ForecastsPly_64,{916EDCF1-828D-4EBF-9B78-F086114C4D9F},,,,,0,0
108,49.8803978,58.5048319,8.62443411,6.50456322,6.50456322,0,MoveDC_Pop_Emp_ForecastsPly_15,{34F192B0-7A86-4998-A9CB-D80D9C268371},,,,,0,0
109,16.53448868,20.67599356,4.14150489,3.73155959,4.2676428,0.53608321,MoveDC_Pop_Emp_ForecastsPly_339,{EDD18D94-FF7B-42B0-ABD3-BCA15D44B0EC},,,,,0,0
110,2.15691566,2.21458715,0.05767149,5.61720804,5.61720804,0,MoveDC_Pop_Emp_ForecastsPly_14,{7F3E4F6C-DAD4-46D4-9917-B87AFCADCFA0},,,,,0,0
111,70.26269531,90.57603503,20.31333972,56.82968591,57.60409462,0.77440872,MoveDC_Pop_Emp_ForecastsPly_43,{C177139A-F402-4DBD-9CB0-A6F2E6265A5C},,,,,0,0
112,31.96501541,35.96453956,3.99952414,13.53445495,13.56564033,0.03118538,MoveDC_Pop_Emp_ForecastsPly_224,{931BA22C-61DE-45E2-91BC-6C08AB861B45},,,,,0,0
113,8.08479404,8.08479449,4.5e-07,121.65895538,131.74344638,10.084491,MoveDC_Pop_Emp_ForecastsPly_238,{342A792A-E18B-421B-9561-B2546DD6529B},,,,,0,0
114,41.2592659,49.19308263,7.93381673,3.62493344,3.62493344,0,MoveDC_Pop_Emp_ForecastsPly_16,{C77146DC-411A-45F8-B633-49C0C3BF8E19},,,,,0,0
115,94.98616028,141.86187624,46.87571596,8.8195136,10.23063577,1.41112218,MoveDC_Pop_Emp_ForecastsPly_34,{7B9BCBD1-2C57-4615-91DE-12A6349E590A},,,,,0,0
116,10.17256165,11.8810054,1.70844375,1.97203212,3.71952593,1.74749381,MoveDC_Pop_Emp_ForecastsPly_349,{76C07986-31D7-4AA9-AE24-4A1150C4DAC6},,,,,0,0
117,8.91440678,8.91440672,-6e-08,12.95187344,12.95187344,0,MoveDC_Pop_Emp_ForecastsPly_239,{6609F329-34CF-4FE8-84A8-D68A06532741},,,,,0,0
118,14.50831223,31.26412518,16.75581296,3.40264174,5.47749984,2.07485811,MoveDC_Pop_Emp_ForecastsPly_352,{5861AABE-6E34-4F54-9F5B-BEB698124741},,,,,0,0
119,3.84918547,3.84918549,3e-08,5.03268323,5.03268323,0,MoveDC_Pop_Emp_ForecastsPly_223,{BE1FED00-8985-43E5-BDF1-1E54DB0C2887},,,,,0,0
120,72.18417358,86.94387364,14.75970006,9.54413467,12.08095857,2.5368239,MoveDC_Pop_Emp_ForecastsPly_38,{D8CAC1FF-4939-4BA9-919F-7109A4AEF970},,,,,0,0
121,6.39258814,7.4095908,1.01700266,11.98004918,12.46433616,0.48428698,MoveDC_Pop_Emp_ForecastsPly_222,{F325F93D-DC75-4F36-AE44-D29D52968E3F},,,,,0,0
122,19.7286377,24.59133009,4.86269239,3.08301313,11.35951406,8.27650093,MoveDC_Pop_Emp_ForecastsPly_55,{4FE6AB05-9CED-4C48-8162-5FA2C643D074},,,,,0,0
123,57.46836472,69.83906399,12.37069927,6.60078397,7.95479094,1.35400697,MoveDC_Pop_Emp_ForecastsPly_232,{9E26967F-9F71-486A-9378-2737297086A4},,,,,0,0
124,14.58827209,15.31636944,0.72809734,68.48504938,68.52013842,0.03508905,MoveDC_Pop_Emp_ForecastsPly_237,{75FFDC78-4472-48E6-A5B8-D1DBD329A623},,,,,0,0
125,2.38894463,2.71104962,0.32210499,1.10819426,1.10819426,0,MoveDC_Pop_Emp_ForecastsPly_215,{D913A5E6-D46E-4EE1-926D-AC77B90E9535},,,,,0,0
126,15.35503769,20.55931656,5.20427887,1.24064841,6.50937609,5.26872768,MoveDC_Pop_Emp_ForecastsPly_348,{B75BBB76-BEC5-4701-A7DE-BA145696CC06},,,,,0,0
127,79.18849945,107.51506555,28.3265661,4.99386917,15.77894795,10.78507879,MoveDC_Pop_Emp_ForecastsPly_46,{7C79B1E4-69D7-45F5-955C-0DD3FFA81F42},,,,,0,0
128,121.31532288,149.82904117,28.51371829,10.08540859,14.46807305,4.38266446,MoveDC_Pop_Emp_ForecastsPly_42,{B62CB1D7-F631-4D2E-ADA5-71B97A23E83D},,,,,0,0
129,7.55062342,8.56695814,1.01633472,8.10588921,8.42814169,0.32225248,MoveDC_Pop_Emp_ForecastsPly_350,{FA63103B-374E-4839-8EC0-8A37BEBD5FDE},,,,,0,0
130,19.37751579,21.28877373,1.91125793,0.61185513,0.7064719,0.09461677,MoveDC_Pop_Emp_ForecastsPly_57,{8FFA3A72-7C3B-434C-9980-C34A99C8F255},,,,,0,0
131,78.1029892,99.24732526,21.14433606,40.64563301,41.44759208,0.80195907,MoveDC_Pop_Emp_ForecastsPly_36,{23B5873F-D363-4309-98E3-5153C91B9A40},,,,,0,0
132,49.10667038,60.70906704,11.60239666,3.28090448,3.64270848,0.361804,MoveDC_Pop_Emp_ForecastsPly_21,{1A2FE8EC-34F4-436E-BE11-FC91A030C40D},,,,,0,0
133,42.2979393,98.76569052,56.46775122,15.09711099,30.14541666,15.04830567,MoveDC_Pop_Emp_ForecastsPly_54,{BD3EE2BE-E411-457B-BD82-BC6121E613C6},,,,,0,0
134,15.11062145,49.65772842,34.54710697,5.28273707,20.13420542,14.85146836,MoveDC_Pop_Emp_ForecastsPly_347,{8AC7CBBD-8F43-48E2-9476-132257DF1817},,,,,0,0
135,3.09567475,4.18131054,1.08563579,13.54357656,15.08066501,1.53708845,MoveDC_Pop_Emp_ForecastsPly_351,{3193CF59-5640-48FC-BE35-99CCD3F84583},,,,,0,0
136,43.79756165,90.1464385,46.34887686,2.43534547,7.3575781,4.92223263,MoveDC_Pop_Emp_ForecastsPly_82,{0671CEB3-B1E0-4B77-A053-5B4820881495},,,,,0,0
137,45.08481216,89.09086211,44.00604995,15.27006217,30.33553155,15.06546938,MoveDC_Pop_Emp_ForecastsPly_68,{DD419110-97C2-4DF7-9B69-57E17442FA4F},,,,,0,0
138,33.30450439,33.30450372,-6.8e-07,14.32186258,14.32186258,0,MoveDC_Pop_Emp_ForecastsPly_71,{E31E89DB-1CF7-4D9E-85F3-073C799F9B8F},,,,,0,0
139,8.04263401,55.25289478,47.21026077,41.37935133,57.88685737,16.50750604,MoveDC_Pop_Emp_ForecastsPly_247,{FF2FBCEB-762D-4267-BC01-942FB13AA3FA},,,,,0,0
140,119.5455246,215.84165628,96.29613169,8.83157874,18.40798942,9.57641068,MoveDC_Pop_Emp_ForecastsPly_44,{E7784F44-BF3C-428F-9AA0-13F090807E44},,,,,0,0
141,80.1195755,104.19295538,24.07337988,8.79018184,8.79018184,0,MoveDC_Pop_Emp_ForecastsPly_45,{FA0066E4-A4AD-452C-B5B3-F82FAA4BD279},,,,,0,0
142,51.76347733,62.67338353,10.9099062,9.52989546,10.37612935,0.84623389,MoveDC_Pop_Emp_ForecastsPly_227,{93365C70-B04C-4181-BBC4-54C47728F79B},,,,,0,0
143,51.87969208,76.28407131,24.40437924,14.56653446,17.77334615,3.20681169,MoveDC_Pop_Emp_ForecastsPly_50,{6B2E692B-1F5B-4B5A-91B0-D2D9E6884F96},,,,,0,0
144,70.81290436,81.25631075,10.44340639,58.82156099,61.77295862,2.95139762,MoveDC_Pop_Emp_ForecastsPly_226,{DD8B9C8F-0E93-4455-AAC1-B31611C25077},,,,,0,0
145,24.57683945,31.2345771,6.65773766,9.58182578,11.04386982,1.46204403,MoveDC_Pop_Emp_ForecastsPly_216,{6B1DAF79-1AF0-4F9E-8552-1E2FB48A6480},,,,,0,0
146,17.24739075,19.66266409,2.41527334,5.1710253,5.1710253,0,MoveDC_Pop_Emp_ForecastsPly_221,{C8BB8DBD-5E8C-4905-AD08-E38901D26D1D},,,,,0,0
147,44.93162537,50.08817528,5.15654992,3.4251542,3.46279326,0.03763906,MoveDC_Pop_Emp_ForecastsPly_56,{06F601DB-894C-4FE0-AAD8-9DD3CF965993},,,,,0,0
148,32.4148407,36.71560985,4.30076916,3.98263034,4.06511085,0.08248051,MoveDC_Pop_Emp_ForecastsPly_246,{2342B4D5-01F0-4124-ABD4-7DE7E271FA0B},,,,,0,0
149,3.25920773,4.05743502,0.79822729,2.13479424,2.28330167,0.14850743,MoveDC_Pop_Emp_ForecastsPly_211,{29E4CD00-869C-41B9-A789-F855B13DF71F},,,,,0,0
150,0.66375786,0.84167231,0.17791445,7.10289319,7.10289319,0,MoveDC_Pop_Emp_ForecastsPly_83,{AAEBC965-7E7A-43F2-9F33-2AB8425D469F},,,,,0,0
151,16.27646065,19.12048707,2.84402642,1.25203536,1.25203536,0,MoveDC_Pop_Emp_ForecastsPly_22,{BAB0EC9E-240D-47BA-9EE0-2A1D8E77CDAA},,,,,0,0
152,62.51249313,97.99348683,35.48099369,38.17727326,60.29707891,22.11980565,MoveDC_Pop_Emp_ForecastsPly_79,{8C9336C9-CC78-4B87-B93A-3615C245AD47},,,,,0,0
153,90.97797394,106.2335416,15.25556766,22.4019842,26.62318453,4.22120033,MoveDC_Pop_Emp_ForecastsPly_75,{9AC8AE52-76CE-42C2-AF3D-6F035249A4EF},,,,,0,0
154,1.42917562,1.59105633,0.16188072,0.97745127,1.20716774,0.22971647,MoveDC_Pop_Emp_ForecastsPly_354,{34453B78-6AB1-403E-BC4D-0B65122DDF5B},,,,,0,0
155,8.74157238,8.95635268,0.21478029,8.29053269,8.4945743,0.20404161,MoveDC_Pop_Emp_ForecastsPly_213,{A39259C3-2B41-4D22-8AF5-B9751B4B5F76},,,,,0,0
156,72.7419281,84.79325348,12.05132538,38.15696407,38.52417894,0.36721488,MoveDC_Pop_Emp_ForecastsPly_48,{B6711095-BFA3-4B32-ABF1-14B230548C8C},,,,,0,0
157,7.4378562,9.44284332,2.00498712,5.66172587,7.0149679,1.35324203,MoveDC_Pop_Emp_ForecastsPly_218,{648A0102-DD07-48D3-81AD-9C207A6B37D6},,,,,0,0
158,5.2661314,7.83080593,2.56467452,0.42744574,0.44454357,0.01709783,MoveDC_Pop_Emp_ForecastsPly_355,{3B552361-CB90-488C-B3FA-0634FEC63470},,,,,0,0
159,3.83205223,4.09065687,0.25860464,0.75230471,0.75230471,0,MoveDC_Pop_Emp_ForecastsPly_219,{24757BFE-FAEC-46FB-B00C-5F5D9DFD4379},,,,,0,0
160,0,0,0,1.92251082,1.92251082,0,MoveDC_Pop_Emp_ForecastsPly_254,{3C95217F-5DD5-4CE0-AF3B-498E820EC57A},,,,,0,0
161,16.31027603,18.19437489,1.88409886,13.44510792,15.94237506,2.49726714,MoveDC_Pop_Emp_ForecastsPly_253,{A362E05D-E5EB-4E43-82C2-90D24A7CFD9B},,,,,0,0
162,65.5199585,82.12059011,16.60063161,28.28411317,35.59679622,7.31268305,MoveDC_Pop_Emp_ForecastsPly_74,{8577163D-20D1-42F6-9285-48425D9286BB},,,,,0,0
163,90.11215973,103.02567175,12.91351202,23.38808546,23.49077739,0.10269192,MoveDC_Pop_Emp_ForecastsPly_51,{8E952D69-E6C5-485D-8883-65CF5F8F02DD},,,,,0,0
164,39.39271545,54.22291379,14.83019833,25.39285315,31.05072841,5.65787526,MoveDC_Pop_Emp_ForecastsPly_70,{9E3D3147-BE4E-4798-ABC0-8D2B5F5CDF3D},,,,,0,0
165,47.99182129,58.20514174,10.21332045,4.76501778,6.04168292,1.27666514,MoveDC_Pop_Emp_ForecastsPly_244,{A7197D50-B065-4E26-9E43-DCDE23E0C6E7},,,,,0,0
166,58.68519974,65.08516576,6.39996603,66.64558148,70.46746926,3.82188777,MoveDC_Pop_Emp_ForecastsPly_179,{959C7DAF-CA86-4CB0-AB6B-3B32233A75EB},,,,,0,0
167,21.40075111,22.66756794,1.26681682,8.22586109,8.22586109,0,MoveDC_Pop_Emp_ForecastsPly_220,{304EF2F9-12DE-48E5-9ABC-8924463AFEB1},,,,,0,0
168,41.56706619,54.35330174,12.78623555,22.11248329,24.89620274,2.78371945,MoveDC_Pop_Emp_ForecastsPly_180,{53E85193-D667-4AF0-A3FB-905D05A8224F},,,,,0,0
169,0.04389128,0.04389128,0,0.32186942,0.32186942,0,MoveDC_Pop_Emp_ForecastsPly_248,{307B7D9B-CB77-4D62-80C2-43F56AC56284},,,,,0,0
170,27.3579998,39.37126027,12.01326047,8.7980934,9.8615079,1.0634145,MoveDC_Pop_Emp_ForecastsPly_245,{F8AB48F6-6F0D-4135-B1D5-68682D91CD4F},,,,,0,0
171,55.25744629,60.38101608,5.12356979,38.61960974,40.0520061,1.43239637,MoveDC_Pop_Emp_ForecastsPly_47,{4AC1BC39-B19D-4B5A-B682-372EE564AAC7},,,,,0,0
172,16.40327454,20.2035275,3.80025297,1.66520182,1.66520182,0,MoveDC_Pop_Emp_ForecastsPly_212,{9E332BA6-AC21-4322-9645-3E91C0033A7D},,,,,0,0
173,35.5214119,40.50183918,4.98042728,4.94666064,25.47614644,20.5294858,MoveDC_Pop_Emp_ForecastsPly_181,{68604C97-AD0B-4944-900C-BBE3E3C94D1E},,,,,0,0
174,16.43054771,17.73111786,1.30057014,88.61223692,89.26252241,0.6502855,MoveDC_Pop_Emp_ForecastsPly_178,{3D57697F-C377-4B87-ABF1-51118EBF3372},,,,,0,0
175,59.28258896,73.15780173,13.87521277,24.38149526,28.58933388,4.20783861,MoveDC_Pop_Emp_ForecastsPly_78,{099B51E0-0BD7-4DA1-9212-4117526BC5B9},,,,,0,0
176,42.46871948,50.95502803,8.48630855,14.97802793,15.88240845,0.90438051,MoveDC_Pop_Emp_ForecastsPly_69,{0F3C277D-69D9-4AB2-9136-F1BD0515E277},,,,,0,0
177,15.50497532,43.7490132,28.24403788,19.26721213,38.79217961,19.52496748,MoveDC_Pop_Emp_ForecastsPly_252,{CE90F327-5311-4D2C-9BC1-4B8A9192E01F},,,,,0,0
178,25.07094955,29.392933,4.32198345,6.69821379,7.88632883,1.18811504,MoveDC_Pop_Emp_ForecastsPly_208,{BB3589EA-6EE5-4563-851B-CFB82DA623AA},,,,,0,0
179,31.94094658,32.30891284,0.36796626,36.35654574,36.50806141,0.15151567,MoveDC_Pop_Emp_ForecastsPly_209,{614C92C6-ED4D-4666-A0DC-792D9ABD0B6C},,,,,0,0
180,23.89750671,37.07152093,13.17401421,91.4927489,98.51104847,7.01829957,MoveDC_Pop_Emp_ForecastsPly_177,{5D1CBEA2-21D8-481A-8959-88C40243F78D},,,,,0,0
181,62.47487259,90.39561767,27.92074508,89.08407411,108.53022959,19.44615548,MoveDC_Pop_Emp_ForecastsPly_146,{55558FE0-ED68-43B3-8357-11141950295F},,,,,0,0
182,77.56458282,84.7115849,7.14700207,108.01277785,108.28201432,0.26923647,MoveDC_Pop_Emp_ForecastsPly_49,{6A29E7E3-51CF-47E2-B52D-B2D750099FB6},,,,,0,0
183,27.27670288,30.56525322,3.28855034,8.38580468,9.31756075,0.93175608,MoveDC_Pop_Emp_ForecastsPly_217,{979B58AD-1A8B-47CE-A47D-314C6D4104F0},,,,,0,0
184,61.68196487,65.82403913,4.14207426,94.3195102,99.40976948,5.09025928,MoveDC_Pop_Emp_ForecastsPly_52,{45CFEEB0-8CCC-4084-A6C1-26B069579E15},,,,,0,0
185,34.90290833,42.9998434,8.09693507,1.12980508,6.99403146,5.86422638,MoveDC_Pop_Emp_ForecastsPly_90,{9D8A7D5F-B789-4378-9C95-C54F1E2A79D1},,,,,0,0
186,11.35293293,14.26625182,2.91331889,0.66075272,2.15245203,1.49169931,MoveDC_Pop_Emp_ForecastsPly_359,{44D0854B-82CC-46B0-B026-CC7D80910C4D},,,,,0,0
187,20.39288521,26.02682718,5.63394198,0.73794712,1.78810263,1.05015551,MoveDC_Pop_Emp_ForecastsPly_360,{C9EE800E-A837-41A5-A83F-F79D3E6687D9},,,,,0,0
188,90.46826935,102.50777636,12.03950701,37.83844094,40.16034527,2.32190433,MoveDC_Pop_Emp_ForecastsPly_77,{BF8B26B8-AB58-4EED-B24B-416C2FDC6B4B},,,,,0,0
189,106.43004608,117.33373222,10.90368614,54.40630058,56.64870349,2.24240291,MoveDC_Pop_Emp_ForecastsPly_76,{54A923D3-FB44-4C9D-9014-163CCCC73B21},,,,,0,0
190,139.72077942,172.78254548,33.06176606,26.44307652,26.44307652,0,MoveDC_Pop_Emp_ForecastsPly_66,{D582C266-D766-4779-8560-D3A1004532AC},,,,,0,0
191,62.10420227,86.50639085,24.40218858,46.72188323,52.34332939,5.62144616,MoveDC_Pop_Emp_ForecastsPly_67,{47BCF26F-1B76-485C-852D-B489FC93D7E0},,,,,0,0
192,0,19.63290981,19.63290981,78.25608962,653.94811515,575.69202552,MoveDC_Pop_Emp_ForecastsPly_61,{A5B128D1-65C3-4F8F-B4BE-A33503204433},,,,,0,0
193,50.3213768,67.05757495,16.73619815,57.17825513,66.13279843,8.95454331,MoveDC_Pop_Emp_ForecastsPly_72,{39A2E84D-9129-4D6E-AA42-3040F400DF93},,,,,0,0
194,44.77827454,57.50700437,12.72872984,25.72114035,27.56692581,1.84578547,MoveDC_Pop_Emp_ForecastsPly_73,{5C4BAFE9-FFC6-4B74-883A-6132FB6CB589},,,,,0,0
195,25.80618286,34.78971024,8.98352738,8.25874152,8.60206103,0.34331951,MoveDC_Pop_Emp_ForecastsPly_58,{6D85417C-7B9E-441A-9469-113179DB7A9D},,,,,0,0
196,7.73946333,11.62379747,3.88433414,244.88829597,253.27028058,8.38198461,MoveDC_Pop_Emp_ForecastsPly_152,{B1D730A0-5118-4CA3-B616-5649727E3DCE},,,,,0,0
197,34.00628662,38.38053888,4.37425226,303.44613553,314.76980555,11.32367002,MoveDC_Pop_Emp_ForecastsPly_53,{BBB4D4B9-B6EB-4F30-9760-E7857DA8C4F0},,,,,0,0
198,48.1586113,70.58970955,22.43109826,282.6936307,447.74632991,165.05269921,MoveDC_Pop_Emp_ForecastsPly_63,{A7B2F837-8273-4051-ADF9-1666DD766FCD},,,,,0,0
199,16.75239372,17.2347085,0.48231478,57.93402248,58.26360412,0.32958165,MoveDC_Pop_Emp_ForecastsPly_210,{A406A0A6-4CA1-4E88-BCC0-62C2831C9336},,,,,0,0
200,15.70081139,25.94066474,10.23985335,2.11751431,11.4969882,9.3794739,MoveDC_Pop_Emp_ForecastsPly_87,{B64832D6-B563-4348-A3EE-27BF970B564D},,,,,0,0
201,11.87927723,19.41725392,7.53797669,2.04987708,3.45563143,1.40575435,MoveDC_Pop_Emp_ForecastsPly_363,{52672C1E-A188-461C-BE7A-9347076694CA},,,,,0,0
202,56.83549118,114.09154115,57.25604997,21.68880798,36.88899751,15.20018953,MoveDC_Pop_Emp_ForecastsPly_185,{29B14980-5985-443A-A62B-9453279FB884},,,,,0,0
203,38.73227692,44.41129528,5.67901837,5.73048971,9.67663533,3.94614561,MoveDC_Pop_Emp_ForecastsPly_86,{A0D19687-FB68-4C25-B1FF-2E0E80782421},,,,,0,0
204,16.3846817,17.57164042,1.18695872,511.09036253,597.85470094,86.76433841,MoveDC_Pop_Emp_ForecastsPly_150,{FC66301F-42B2-4568-AD8C-A270BB10DC9C},,,,,0,0
205,84.79494476,153.85441712,69.05947235,2.27044846,5.26617907,2.99573061,MoveDC_Pop_Emp_ForecastsPly_59,{59635661-DABB-4D3F-903B-EE5537EFECA9},,,,,0,0
206,36.51559067,42.46957734,5.95398667,2.17708125,2.17708125,0,MoveDC_Pop_Emp_ForecastsPly_251,{D9E4685C-02E5-489F-9B45-5508C325AC7F},,,,,0,0
207,30.75269699,40.13826124,9.38556425,76.0829728,84.32030254,8.23732973,MoveDC_Pop_Emp_ForecastsPly_175,{8413808A-8395-4BFB-AF18-097500DB43A1},,,,,0,0
208,20.15288544,28.73238481,8.57949937,39.14396437,43.389029,4.24506463,MoveDC_Pop_Emp_ForecastsPly_176,{AED94ACB-69B8-47B7-9F4B-1F524640A5A2},,,,,0,0
209,45.24164581,58.01935412,12.77770831,1.55900267,11.29512716,9.73612449,MoveDC_Pop_Emp_ForecastsPly_89,{E08F5DC2-5F71-46AE-B0F7-06525045F1CA},,,,,0,0
210,21.68307877,32.26689511,10.58381634,14.91355961,17.07843117,2.16487156,MoveDC_Pop_Emp_ForecastsPly_62,{2D1DA1D4-4DDC-49DB-89EF-2224E0BA5AEB},,,,,0,0
211,0,0.31563731,0.31563731,609.43826647,664.81826809,55.38000161,MoveDC_Pop_Emp_ForecastsPly_144,{F35661AA-27D8-4E40-89F3-4F86DDE2702F},,,,,0,0
212,2.19198227,6.7951453,4.60316303,603.19701112,656.06031892,52.8633078,MoveDC_Pop_Emp_ForecastsPly_151,{4A49E860-4180-4E08-970F-D33B18439E96},,,,,0,0
213,33.38370132,37.71226506,4.32856374,538.35460758,640.31635048,101.9617429,MoveDC_Pop_Emp_ForecastsPly_145,{464F3554-B04F-4726-9D6D-49F07493678D},,,,,0,0
214,68.53771973,135.97574032,67.43802059,348.87065352,497.86439915,148.99374562,MoveDC_Pop_Emp_ForecastsPly_60,{F752FD43-C5B6-41F9-9AC4-B83E039179C6},,,,,0,0
215,47.57997894,61.44007059,13.86009164,307.01048868,378.5133644,71.50287572,MoveDC_Pop_Emp_ForecastsPly_149,{B509571B-F0DA-4DF3-801E-F6B267179DCD},,,,,0,0
216,71.13217163,81.16741577,10.03524414,206.01765894,206.11604369,0.09838475,MoveDC_Pop_Emp_ForecastsPly_171,{F65D3348-16F1-413B-9147-A734633AA7EC},,,,,0,0
217,8.06225872,27.93581588,19.87355716,103.18962609,141.40800613,38.21838003,MoveDC_Pop_Emp_ForecastsPly_172,{963C9189-91F2-4395-9A96-F51FED681EE7},,,,,0,0
218,29.35255051,48.34305963,18.99050913,149.48131072,160.1979466,10.71663588,MoveDC_Pop_Emp_ForecastsPly_174,{3EAA4134-1A9D-46D0-B222-EA53E2CA4538},,,,,0,0
219,174.48927307,252.17174461,77.68247154,58.01943366,147.76908683,89.74965318,MoveDC_Pop_Emp_ForecastsPly_100,{ADCC21C0-0DE0-4771-89E5-D167155825E1},,,,,0,0
220,0,0,0,0.02782014,0.02782014,0,MoveDC_Pop_Emp_ForecastsPly_6,{46F3BA26-22B1-4886-AD84-47E11A086C41},,,,,0,0
221,25.53562546,34.39157372,8.85594826,6.39270385,6.39270385,0,MoveDC_Pop_Emp_ForecastsPly_133,{17A34F8C-A16C-4347-9B6E-F0301DF49A0C},,,,,0,0
222,20.02609825,23.07846349,3.05236524,0.82365405,1.88955929,1.06590524,MoveDC_Pop_Emp_ForecastsPly_361,{8BC5BB1E-FDAE-482D-9F50-23FF91736BBA},,,,,0,0
223,34.16580582,52.94616304,18.78035723,324.27418094,329.69159189,5.41741095,MoveDC_Pop_Emp_ForecastsPly_153,{50A00AFF-634E-435E-B280-04C8AD0EDBBF},,,,,0,0
224,2.10649467,34.08691304,31.98041837,269.29618797,376.12897791,106.83278995,MoveDC_Pop_Emp_ForecastsPly_184,{6C870EF5-32F3-4371-8D4E-98C5114D8AE0},,,,,0,0
225,55.55599976,55.6758894,0.11988965,244.1155168,252.67550496,8.55998816,MoveDC_Pop_Emp_ForecastsPly_142,{92A931F8-D52C-4685-94BA-14AF637C596D},,,,,0,0
226,16.97102928,19.1276465,2.15661722,2.65700911,6.26546711,3.608458,MoveDC_Pop_Emp_ForecastsPly_358,{69B54FF3-08F0-4358-B22D-D78304E93FE4},,,,,0,0
227,33.18648148,47.18036932,13.99388784,7.55090448,14.04502324,6.49411875,MoveDC_Pop_Emp_ForecastsPly_255,{61D0086C-F024-46E5-8A3A-0F46887C50E5},,,,,0,0
228,50.18571091,54.00195956,3.81624865,6.31937825,6.31937825,0,MoveDC_Pop_Emp_ForecastsPly_170,{0B2FA764-C09E-4621-B79C-0F868D2C1494},,,,,0,0
229,94.72882843,95.99541148,1.26658305,54.58100567,54.58100567,0,MoveDC_Pop_Emp_ForecastsPly_81,{D145C1AA-EE95-47BF-A67C-9F8F8166138D},,,,,0,0
230,0,0,0,658.05626482,692.27556187,34.21929705,MoveDC_Pop_Emp_ForecastsPly_143,{BD495B2B-CA49-471E-90C3-A282A93679E9},,,,,0,0
231,4.32354927,4.61178593,0.28823666,515.47189154,521.65587722,6.18398569,MoveDC_Pop_Emp_ForecastsPly_147,{E01EFC8A-159D-4BA0-8E70-757F66D2197F},,,,,0,0
232,6.37121391,8.1819799,1.81076598,252.97072268,260.18025415,7.20953147,MoveDC_Pop_Emp_ForecastsPly_148,{71D043E2-1797-45D4-86DC-43A8106CEEC6},,,,,0,0
233,89.43022156,133.95620522,44.52598367,191.99128566,390.14271953,198.15143387,MoveDC_Pop_Emp_ForecastsPly_101,{0E172D4E-0155-4AF4-9A8E-F14B4BFFCD54},,,,,0,0
234,33.26913834,52.30323744,19.0340991,154.68852708,220.04325433,65.35472725,MoveDC_Pop_Emp_ForecastsPly_182,{66812954-0972-4582-AE9B-EB83D118C0D9},,,,,0,0
235,57.24720764,76.08359469,18.83638705,27.58070419,30.34037907,2.75967488,MoveDC_Pop_Emp_ForecastsPly_186,{E5387979-BBE2-4257-933E-952755B2546E},,,,,0,0
236,45.15486908,54.47158319,9.31671411,8.71303861,10.78565519,2.07261657,MoveDC_Pop_Emp_ForecastsPly_96,{03126D58-F192-49F6-B355-5A041668687C},,,,,0,0
237,14.19105434,14.78234786,0.59129351,61.00522039,63.18689104,2.18167065,MoveDC_Pop_Emp_ForecastsPly_173,{82688A01-FE86-46F3-A227-70306AC07641},,,,,0,0
238,96.57414246,154.77028566,58.19614321,122.42161823,176.00401388,53.58239565,MoveDC_Pop_Emp_ForecastsPly_155,{79F64786-CB96-45DE-B6A9-BDCBEE1B12AD},,,,,0,0
239,18.08945084,24.403617,6.31416616,8.67400696,14.88453216,6.2105252,MoveDC_Pop_Emp_ForecastsPly_3,{12A607FD-5097-430E-A8E3-A406366ADEEA},,,,,0,0
240,2.40287089,2.4028709,1e-08,427.37215387,440.61874986,13.24659599,MoveDC_Pop_Emp_ForecastsPly_138,{FF9719C4-1403-4DD1-B9C9-791CCB0C097A},,,,,0,0
241,10.54100037,11.02013626,0.47913589,442.85266929,445.29190894,2.43923965,MoveDC_Pop_Emp_ForecastsPly_164,{9E400042-BC62-4B70-9A40-FAB21B60F2FC},,,,,0,0
242,0.08822276,0.08822276,0,28.93706373,28.93706373,0,MoveDC_Pop_Emp_ForecastsPly_163,{DE33F519-07CB-40D8-81E2-DF2F36D21952},,,,,0,0
243,43.90384293,66.34142433,22.4375814,11.85015193,14.24608429,2.39593236,MoveDC_Pop_Emp_ForecastsPly_97,{ECB182AA-9F0D-41E5-B76E-89AC7455A82A},,,,,0,0
244,48.68804169,67.97099552,19.28295384,2.95935837,4.8254506,1.86609222,MoveDC_Pop_Emp_ForecastsPly_85,{6822D12B-EA28-4F53-A8ED-4A5D5C859421},,,,,0,0
245,39.81181335,51.17408244,11.36226909,2.27026041,3.55345107,1.28319067,MoveDC_Pop_Emp_ForecastsPly_91,{C9B8C914-083C-42F4-9A3B-6B3AAB39462E},,,,,0,0
246,15.73024368,19.4117895,3.68154581,522.85394698,531.07234828,8.2184013,MoveDC_Pop_Emp_ForecastsPly_102,{67332875-1692-495F-93AD-49FDABF24A3E},,,,,0,0
247,0.17624019,0.17624019,-1e-08,568.90331773,586.35109606,17.44777833,MoveDC_Pop_Emp_ForecastsPly_103,{98E686C9-539D-4BA9-BB04-8C66A2DE5807},,,,,0,0
248,8.26302814,8.88134959,0.61832145,209.97646463,285.04635314,75.06988851,MoveDC_Pop_Emp_ForecastsPly_156,{CC548CA1-0B60-4E29-B309-7AF2A2E786A1},,,,,0,0
249,43.61837769,50.19200291,6.57362523,310.12265765,311.32116423,1.19850658,MoveDC_Pop_Emp_ForecastsPly_154,{2F1DB5BF-A65E-4660-9F90-689AF1B38D75},,,,,0,0
250,13.1236887,18.24512872,5.12144003,119.31353915,212.21965515,92.906116,MoveDC_Pop_Emp_ForecastsPly_98,{E340B59A-2AA9-48B8-91B1-4D1D16D6F6D6},,,,,0,0
251,69.30323029,77.99874563,8.69551535,21.04313985,22.55036198,1.50722214,MoveDC_Pop_Emp_ForecastsPly_136,{31216575-CD3A-41D9-A720-D7953D43067A},,,,,0,0
252,91.38358307,91.55503739,0.17145432,50.78389901,50.78389901,0,MoveDC_Pop_Emp_ForecastsPly_137,{4AFB929F-4599-471D-BA09-177AC4969567},,,,,0,0
253,38.57917404,50.32928785,11.75011381,1.32271453,2.35884091,1.03612638,MoveDC_Pop_Emp_ForecastsPly_88,{7905D74A-53CB-4F01-A5BF-030D904D5E18},,,,,0,0
254,13.22574806,15.37084795,2.14509989,1.15778568,2.94063357,1.78284789,MoveDC_Pop_Emp_ForecastsPly_84,{1A45F0D3-A6C5-4CC4-A455-37F36C2D0CE3},,,,,0,0
255,20.15925407,21.08203718,0.9227831,84.57659022,84.78954009,0.21294987,MoveDC_Pop_Emp_ForecastsPly_169,{62E83EB8-4A9E-49CF-A735-CCBFD28113C1},,,,,0,0
256,19.20086479,21.5967843,2.3959195,6.27462818,10.05280883,3.77818065,MoveDC_Pop_Emp_ForecastsPly_4,{A9AA8017-D2B0-44ED-BC9C-95A8F56C2FE0},,,,,0,0
257,21.30691719,31.69609021,10.38917302,0.93867087,2.14162772,1.20295685,MoveDC_Pop_Emp_ForecastsPly_1,{E2AAE01D-53D7-443D-8743-B7B3CC68591D},,,,,0,0
258,21.44168282,27.84407739,6.40239457,3.20912104,8.27240091,5.06327987,MoveDC_Pop_Emp_ForecastsPly_5,{3C68F795-D1E6-45CB-9546-D12D052D91F0},,,,,0,0
259,18.36766434,23.40458867,5.03692433,1.87098118,2.51196548,0.64098429,MoveDC_Pop_Emp_ForecastsPly_132,{CB9AA7BE-12F7-402D-AA8F-49E5AB6BE330},,,,,0,0
260,0,0,0,292.20032049,334.76060215,42.56028166,MoveDC_Pop_Emp_ForecastsPly_165,{E9C8F8A9-92B3-4846-8D36-466CEF584AF3},,,,,0,0
261,8.801157,9.38107866,0.57992166,114.18762658,114.2331106,0.04548402,MoveDC_Pop_Emp_ForecastsPly_183,{494C63AA-6225-45AC-BF55-F16E8F11E434},,,,,0,0
262,8.7159586,10.24968636,1.53372776,0.64416584,3.03239973,2.38823389,MoveDC_Pop_Emp_ForecastsPly_356,{0AAC2F76-DDB5-48FD-8020-4D4D1963A7F8},,,,,0,0
263,0.31947157,0.31947158,1e-08,178.48477695,178.48477695,0,MoveDC_Pop_Emp_ForecastsPly_139,{E37DB345-405A-4A91-A13E-24B3B3F4411F},,,,,0,0
264,5.42606688,5.76909398,0.34302711,86.16219824,86.62996262,0.46776438,MoveDC_Pop_Emp_ForecastsPly_159,{36B9A503-CF8E-4BB8-9DC6-AA63EFBDA6C6},,,,,0,0
265,45.03979874,57.35178861,12.31198987,10.83288415,11.04120885,0.2083247,MoveDC_Pop_Emp_ForecastsPly_250,{56324B9C-ECC6-483F-8836-7D66DD2E7E37},,,,,0,0
266,43.24346924,48.77863169,5.53516245,20.59141128,21.1328947,0.54148342,MoveDC_Pop_Emp_ForecastsPly_249,{C547B7BD-6D64-4B5E-9467-20023E67A713},,,,,0,0
267,0,0,0,171.45449035,171.45449035,0,MoveDC_Pop_Emp_ForecastsPly_167,{86A6BBE0-D813-4BAF-848B-0ECD40B9896E},,,,,0,0
268,51.14989471,59.97518006,8.82528534,182.75698644,295.97806516,113.22107872,MoveDC_Pop_Emp_ForecastsPly_158,{42A150BA-293D-4E81-9BF4-29EF2468C8F4},,,,,0,0
269,0.45503989,0.4550399,1e-08,695.75600339,759.86606895,64.11006557,MoveDC_Pop_Emp_ForecastsPly_157,{A3C087C4-E5C7-49B5-8B36-F95042D452D4},,,,,0,0
270,3.04274154,4.984917,1.94217546,195.22100262,251.44698199,56.22597937,MoveDC_Pop_Emp_ForecastsPly_99,{F16DD523-DF18-473E-AB42-36F4EB94834A},,,,,0,0
271,0,0,0,394.06989587,394.06989587,0,MoveDC_Pop_Emp_ForecastsPly_166,{5FA8295E-9584-4F9B-A7A6-0F6286C5CA23},,,,,0,0
272,0,0,0,161.24329643,161.24329643,0,MoveDC_Pop_Emp_ForecastsPly_140,{612125F9-971A-4464-A223-0ECAF0215DE8},,,,,0,0
273,0,0,0,467.24999223,468.31938295,1.06939072,MoveDC_Pop_Emp_ForecastsPly_141,{03BAFD97-F8A7-4E0E-821C-B0AD0FDB9E89},,,,,0,0
274,19.34052086,35.11774902,15.77722816,5.45226666,29.0644451,23.61217844,MoveDC_Pop_Emp_ForecastsPly_357,{052F464F-5AA8-414C-A9DD-2582171CBC5A},,,,,0,0
275,0,0,0,0,0,0,MoveDC_Pop_Emp_ForecastsPly_168,{DA7C5ECC-BC0D-4172-9977-47A06F97E129},,,,,0,0
276,0,0,0,131.00633848,137.40313235,6.39679387,MoveDC_Pop_Emp_ForecastsPly_162,{1CF289EB-A37F-4147-B1D2-2AE21EB65B7F},,,,,0,0
277,3.20763278,3.38870874,0.18107596,212.97129048,218.04141959,5.07012911,MoveDC_Pop_Emp_ForecastsPly_160,{A242FC7A-8595-4055-94BA-AEBB46A77C08},,,,,0,0
278,27.27320671,51.92250473,24.64929801,4.25999147,15.38844745,11.12845598,MoveDC_Pop_Emp_ForecastsPly_362,{4E88F56C-66CC-4D79-9C1D-334179B43D60},,,,,0,0
279,0.8203088,0.82030879,-1e-08,86.13242326,86.13242326,0,MoveDC_Pop_Emp_ForecastsPly_161,{040A61D0-4139-474F-9B21-4470B8D706BA},,,,,0,0
280,2.71452498,3.15311648,0.4385915,4.64669797,4.64669797,0,MoveDC_Pop_Emp_ForecastsPly_262,{212DD698-4E08-4489-87B1-7257CA2C8F28},,,,,0,0
281,38.43026733,55.52807679,17.09780946,1.11438228,1.11438228,0,MoveDC_Pop_Emp_ForecastsPly_256,{5247046A-F290-4773-B0DB-D6525E4FB628},,,,,0,0
282,19.51764488,21.13362283,1.61597795,1.93077786,1.93077786,0,MoveDC_Pop_Emp_ForecastsPly_260,{FDA7F94E-E903-45F5-A0AC-D4A8D577B702},,,,,0,0
283,36.68353271,44.56565543,7.88212271,2.14647057,2.67429121,0.52782063,MoveDC_Pop_Emp_ForecastsPly_94,{0294854E-18E5-49EA-AEA7-A2BC5203FEEC},,,,,0,0
284,0,0,0,0,0,0,MoveDC_Pop_Emp_ForecastsPly_204,{108DF320-BB99-480A-8371-88044452472A},,,,,0,0
285,0,0,0,0,0,0,MoveDC_Pop_Emp_ForecastsPly_206,{AF975286-FBA3-4BC3-AA40-59D123AF8BE9},,,,,0,0
286,0,0,0,14.94619383,14.94619383,0,MoveDC_Pop_Emp_ForecastsPly_191,{C258117C-D3BB-4526-8DBB-89BCBE13FDB9},,,,,0,0
287,0,0,0,0,0.57588032,0.57588032,MoveDC_Pop_Emp_ForecastsPly_203,{2A2A06B0-6674-4324-93A7-1400CE8B0FAD},,,,,0,0
288,0,0,0,10.55366394,10.55366394,0,MoveDC_Pop_Emp_ForecastsPly_202,{9269B25A-5825-462A-80DD-6B74D94F088D},,,,,0,0
289,0,0,0,0,0,0,MoveDC_Pop_Emp_ForecastsPly_193,{A2613A43-9DA5-4A8A-9DAB-95029D33D598},,,,,0,0
290,0.03040154,0.03040154,0,35.57993745,35.57993745,0,MoveDC_Pop_Emp_ForecastsPly_187,{3EBF4EAC-E7B3-4E08-ACA4-2BB1FC715479},,,,,0,0
291,0,0,0,38.7323475,38.7323475,0,MoveDC_Pop_Emp_ForecastsPly_192,{278ABB7E-7831-4233-B16F-530DECCE2E0C},,,,,0,0
292,44.4789238,54.68340801,10.20448422,4.0397131,4.0397131,0,MoveDC_Pop_Emp_ForecastsPly_95,{31BBC27F-968E-4F4B-AE55-645E5082B3F8},,,,,0,0
293,16.91186523,18.28550767,1.37364243,53.80399135,54.07158414,0.2675928,MoveDC_Pop_Emp_ForecastsPly_188,{41725527-075E-4E20-BD42-634A337FB598},,,,,0,0
294,36.0709343,42.75132268,6.68038838,2.21100302,2.21100302,0,MoveDC_Pop_Emp_ForecastsPly_92,{3D0FC62D-EBD7-4C2A-BB5A-9745EC5F6677},,,,,0,0
295,13.03478909,13.03478902,-7e-08,0.41764079,0.41764079,0,MoveDC_Pop_Emp_ForecastsPly_2,{ACEAB0F4-95B8-4D73-9000-711E9FC42325},,,,,0,0
296,0,0,0,0,0,0,MoveDC_Pop_Emp_ForecastsPly_205,{76C88074-418A-486B-A5DE-622552EBB93A},,,,,0,0
297,38.06488419,43.02529847,4.96041428,6.26357545,6.26357545,0,MoveDC_Pop_Emp_ForecastsPly_93,{6E3F0F3D-2901-4BC9-9C78-86FDB5F730FB},,,,,0,0
298,10.35618877,15.42163113,5.06544235,0.30299426,0.30299426,0,MoveDC_Pop_Emp_ForecastsPly_364,{E2B40516-3822-41D3-9DB1-B026CC464031},,,,,0,0
299,14.14349937,20.21620973,6.07271036,0.92358319,1.056386,0.13280281,MoveDC_Pop_Emp_ForecastsPly_129,{F6A56C7F-F27D-433B-8836-69FFD20890D2},,,,,0,0
300,0,0,0,0,1.57822133,1.57822133,MoveDC_Pop_Emp_ForecastsPly_263,{77F73CB2-1B50-4586-8E9E-44D2912CB8FB},,,,,0,0
301,21.27833366,26.6006319,5.32229824,0.39102603,2.55253103,2.161505,MoveDC_Pop_Emp_ForecastsPly_130,{9E945401-F8B2-4B8C-8FFA-C25490BD1155},,,,,0,0
302,26.29945374,32.01482097,5.71536723,2.70804801,3.13140862,0.42336061,MoveDC_Pop_Emp_ForecastsPly_128,{23BC633A-94C9-4F41-B90B-CC28998FC114},,,,,0,0
303,39.67998505,48.07428612,8.39430108,0.84299193,0.84299193,0,MoveDC_Pop_Emp_ForecastsPly_135,{F579BBF9-1F2E-4F56-866C-776AAFF09806},,,,,0,0
304,34.63412094,44.35055226,9.71643132,0.84632247,0.84632247,0,MoveDC_Pop_Emp_ForecastsPly_131,{C8C4D6F7-1990-4779-8D12-81D17AF73C71},,,,,0,0
305,3.18914294,9.5836173,6.39447436,180.71270262,233.82731136,53.11460873,MoveDC_Pop_Emp_ForecastsPly_194,{607AEEAE-60C0-437F-821E-7D75352440E6},,,,,0,0
306,0,0,0,1.06904805,1.06904805,0,MoveDC_Pop_Emp_ForecastsPly_201,{4AAC94A2-981F-484B-944A-2D24C1248A01},,,,,0,0
307,33.83880234,44.95417401,11.11537167,4.31396644,5.37142897,1.05746253,MoveDC_Pop_Emp_ForecastsPly_259,{9A67819C-4763-45AC-A557-1E5513CA2D1E},,,,,0,0
308,23.5967083,25.58027509,1.98356679,157.52606462,159.25202477,1.72596015,MoveDC_Pop_Emp_ForecastsPly_189,{EA7F74E0-4EE2-4B71-AF5F-A0704BA10C52},,,,,0,0
309,53.88346863,118.51146729,64.62799866,8.37635016,8.37635016,0,MoveDC_Pop_Emp_ForecastsPly_390,{3D01A533-C3CF-45BA-B3BE-3B115B38E11C},,,,,0,0
310,4.01286221,4.53471416,0.52185196,53.24690161,53.24690161,0,MoveDC_Pop_Emp_ForecastsPly_190,{E9105D4A-01C2-4865-8DDA-B835B510F744},,,,,0,0
311,33.99660873,41.84318,7.84657127,26.57206052,27.19728547,0.62522495,MoveDC_Pop_Emp_ForecastsPly_257,{750CE4C9-9441-4C5E-A61E-6010659E5FFD},,,,,0,0
312,30.61519432,42.62423677,12.00904245,7.33128482,8.53743325,1.20614843,MoveDC_Pop_Emp_ForecastsPly_258,{EDBA9308-9337-43C6-853E-D38488C1747D},,,,,0,0
313,32.86763,38.82063282,5.95300281,1.13510622,1.13510622,0,MoveDC_Pop_Emp_ForecastsPly_261,{E2950630-6680-4ABC-BF43-F44C3AD2B814},,,,,0,0
314,0.06747168,0.06747167,0,214.18882293,214.18882293,0,MoveDC_Pop_Emp_ForecastsPly_197,{68D0ED0A-ED13-446D-AC1E-A72BFDBC7741},,,,,0,0
315,0,2.62211268,2.62211268,394.10712775,471.33373408,77.22660633,MoveDC_Pop_Emp_ForecastsPly_196,{B2EF076C-0CE0-4E8D-9B09-5F4B7BF6BBE2},,,,,0,0
316,0,2.22839515,2.22839515,210.84978062,236.54898995,25.69920933,MoveDC_Pop_Emp_ForecastsPly_195,{4FEA2C72-93C9-42A5-BC2B-AE2FF204AD12},,,,,0,0
317,33.02741623,39.05939995,6.03198372,1.39278406,1.43374829,0.04096424,MoveDC_Pop_Emp_ForecastsPly_391,{CF3553CE-6A93-4689-9CEB-0B2F9A2F63E1},,,,,0,0
318,0,0,0,1.69502554,1.69502554,0,MoveDC_Pop_Emp_ForecastsPly_207,{C465EBD7-5C53-4E10-B291-02E353A14E1C},,,,,0,0
319,23.02258873,29.02957392,6.00698519,48.03074958,52.52970519,4.49895561,MoveDC_Pop_Emp_ForecastsPly_269,{380492F7-B373-4C4F-AFD9-2AE983E0916F},,,,,0,0
320,0,5.5063782,5.5063782,104.62118579,159.2737772,54.65259141,MoveDC_Pop_Emp_ForecastsPly_198,{82DA75F2-C455-4B5D-9D9E-86A119EBB950},,,,,0,0
321,17.82502365,26.75274367,8.92772002,4.89731863,144.98800764,140.09068901,MoveDC_Pop_Emp_ForecastsPly_264,{9E74C65F-10AB-4C59-904E-E7955E3FB1CC},,,,,0,0
322,0.7577737,7.65351454,6.89574084,426.43715926,482.96707855,56.52991929,MoveDC_Pop_Emp_ForecastsPly_199,{70CAC03A-2183-4F78-9817-05CD4E0F9789},,,,,0,0
323,0,0.23124462,0.23124462,418.40822973,491.27918981,72.87096008,MoveDC_Pop_Emp_ForecastsPly_200,{77B85EBF-5CA5-444F-8FA3-F4C45D7807C1},,,,,0,0
324,0.99812651,0.99812653,2e-08,0.63795351,0.63795351,0,MoveDC_Pop_Emp_ForecastsPly_369,{26D9F592-8BAE-4609-AE14-CAC4C0186481},,,,,0,0
325,0,0,0,0,0,0,MoveDC_Pop_Emp_ForecastsPly_283,{59BC3A30-755C-44DC-8B79-B6911570CCB3},,,,,0,0
326,6.53674936,7.64967767,1.1129283,0.17261743,0.4905969,0.31797948,MoveDC_Pop_Emp_ForecastsPly_365,{E7F2B180-3CBE-4B07-9879-E08029DE397B},,,,,0,0
327,33.85412598,38.35532934,4.50120336,29.72062544,32.40866836,2.68804292,MoveDC_Pop_Emp_ForecastsPly_268,{38C414F9-949A-4C0D-BDF9-F0E43728D135},,,,,0,0
328,57.91676331,76.63733491,18.7205716,20.26914695,26.87640708,6.60726013,MoveDC_Pop_Emp_ForecastsPly_270,{07D81FD1-BFD7-4006-B7E0-46B2A3430D1E},,,,,0,0
329,54.59027863,69.82280779,15.23252916,1.20034367,1.5215624,0.32121873,MoveDC_Pop_Emp_ForecastsPly_278,{E1E4DEBC-0F55-407A-9BBD-5EA33B769C75},,,,,0,0
330,54.93354797,69.46044965,14.52690167,82.16984174,83.82930641,1.65946467,MoveDC_Pop_Emp_ForecastsPly_277,{F07DD55A-A1DB-47BF-B09E-8A89D0A041E5},,,,,0,0
331,29.63596153,49.16082913,19.5248676,37.92628189,61.86748946,23.94120757,MoveDC_Pop_Emp_ForecastsPly_276,{0953EAF3-DF66-44D8-B55B-F9A527EF541C},,,,,0,0
332,0.66885704,0.70229992,0.03344288,0.66885707,0.70229992,0.03344285,MoveDC_Pop_Emp_ForecastsPly_275,{A0E162E9-9BBA-4BE3-BEEE-78FB7A8E6FD8},,,,,0,0
333,37.19496536,46.39419526,9.1992299,0.22113534,0.55283836,0.33170302,MoveDC_Pop_Emp_ForecastsPly_134,{D635A420-5D5C-4588-8E43-CF4CAE353381},,,,,0,0
334,107.69284058,181.43755849,73.74471791,78.23192245,327.16237042,248.93044797,MoveDC_Pop_Emp_ForecastsPly_265,{7EE96ACD-8ED0-4013-B571-6A5FBF129A99},,,,,0,0
335,15.34786129,15.58105582,0.23319453,0.29456112,0.70571935,0.41115823,MoveDC_Pop_Emp_ForecastsPly_370,{AD0839DB-6C5D-467D-BB3E-D0D4F67BB369},,,,,0,0
336,38.08413315,46.54727295,8.4631398,48.7930784,57.32713911,8.53406071,MoveDC_Pop_Emp_ForecastsPly_267,{3F4D0ABD-DC22-4BF0-91B6-6C95863C8AF2},,,,,0,0
337,0,0,0,2.3309444,2.3309444,0,MoveDC_Pop_Emp_ForecastsPly_274,{561F4143-9760-40F0-96B1-3E3F150582C5},,,,,0,0
338,23.63211823,35.46202882,11.8299106,5.45782787,6.7738016,1.31597373,MoveDC_Pop_Emp_ForecastsPly_271,{C53D49E7-9EF4-4FAE-88AF-E91897D1D9DD},,,,,0,0
339,19.0566349,33.43397036,14.37733546,4.97024215,51.37533226,46.40509012,MoveDC_Pop_Emp_ForecastsPly_279,{16754D26-12FC-459B-B3CD-165C2AFB0ED8},,,,,0,0
340,6.36122513,6.80047117,0.43924604,0.47062084,1.49029933,1.01967849,MoveDC_Pop_Emp_ForecastsPly_367,{76AF8A18-7167-4543-A47D-3075DDCC88BB},,,,,0,0
341,15.66969395,18.64457946,2.97488552,0.81490263,1.54144233,0.72653969,MoveDC_Pop_Emp_ForecastsPly_366,{9BB9EAF6-4AE8-41BF-9CB5-CA307FF61365},,,,,0,0
342,8.08050632,21.65218632,13.57168,40.31324587,74.08619217,33.77294629,MoveDC_Pop_Emp_ForecastsPly_272,{70997717-EC06-4ECA-ACDB-1C0BB1710CC3},,,,,0,0
343,12.85590553,20.44680998,7.59090445,0.8951206,5.57864533,4.68352473,MoveDC_Pop_Emp_ForecastsPly_382,{CD9ED800-C73F-413A-9A81-509D06A75886},,,,,0,0
344,30.47459221,31.3425401,0.86794789,5.07266957,5.07266957,0,MoveDC_Pop_Emp_ForecastsPly_280,{8CE21382-9F61-441E-B279-C9E6AFA7E9A5},,,,,0,0
345,0.40187645,0.40187645,0,178.04212801,178.04212801,0,MoveDC_Pop_Emp_ForecastsPly_273,{8EF79AB7-C7F9-4B17-A391-7BB8E06BB2E8},,,,,0,0
346,21.6595459,65.43992508,43.78037919,55.1028911,91.20912339,36.1062323,MoveDC_Pop_Emp_ForecastsPly_266,{E95B3E3B-AF95-4652-809F-12F7A2597AB7},,,,,0,0
347,65.89517212,66.52214587,0.62697375,257.06013011,257.65575724,0.59562713,MoveDC_Pop_Emp_ForecastsPly_106,{922F6B09-B7C8-4641-9406-A2A1D0690933},,,,,0,0
348,45.77865219,89.22725659,43.44860439,2.45188399,24.1228835,21.67099951,MoveDC_Pop_Emp_ForecastsPly_104,{3BEFA909-321B-4EAA-BDAF-F30CF2E5F419},,,,,0,0
349,57.81913376,64.08420222,6.26506847,3.66347138,3.66347138,0,MoveDC_Pop_Emp_ForecastsPly_105,{7E6B2E53-2F0E-43E6-88CE-030FA5A78833},,,,,0,0
350,35.24045563,46.37916129,11.13870566,11.59195749,21.31424441,9.72228693,MoveDC_Pop_Emp_ForecastsPly_107,{5DAF0609-2223-46FA-B662-DA401D42A5E8},,,,,0,0
351,20.48907661,27.43974655,6.95066993,1.67167995,5.02603774,3.35435779,MoveDC_Pop_Emp_ForecastsPly_118,{9B4FC10C-4B89-448B-8315-4CF9942344B3},,,,,0,0
352,15.81649303,17.45734849,1.64085545,3.20981771,3.20981771,0,MoveDC_Pop_Emp_ForecastsPly_381,{E71FBC56-F6A8-462A-99BF-1768072A5A60},,,,,0,0
353,0.45811877,0.45811877,0,3.63261237,3.63261237,0,MoveDC_Pop_Emp_ForecastsPly_281,{4C96C9B0-C706-4D94-9CFD-1B08A4F4645B},,,,,0,0
354,1.45193756,14.20307466,12.7511371,5.51812506,22.20588035,16.68775528,MoveDC_Pop_Emp_ForecastsPly_383,{CC1A412F-783B-4551-A24A-4564E177991A},,,,,0,0
355,0.28491297,73.01808307,72.7331701,36.00861746,94.18930916,58.18069171,MoveDC_Pop_Emp_ForecastsPly_282,{3728A230-1612-42A6-968B-1FAECB6EC4B2},,,,,0,0
356,25.35027313,25.97312978,0.62285665,0.22838084,1.89971333,1.67133249,MoveDC_Pop_Emp_ForecastsPly_368,{B885EE9C-963F-481D-A976-61C6F6BF0E4A},,,,,0,0
357,3.37160015,3.73234743,0.36074728,0.62437039,0.92961813,0.30524774,MoveDC_Pop_Emp_ForecastsPly_380,{8A1B2E9A-6DEA-4958-8BAB-ECAAC051D4D5},,,,,0,0
358,0.55631328,0.74721661,0.19090333,1.2965028,2.00975501,0.71325222,MoveDC_Pop_Emp_ForecastsPly_389,{24BAEDA1-41E2-4EA1-A59A-DEF79F86FB6F},,,,,0,0
359,33.43679047,45.62886379,12.19207332,0.86512897,3.12159936,2.25647039,MoveDC_Pop_Emp_ForecastsPly_119,{05541A1C-3D5A-4D8B-9E13-3F2C1744ECB8},,,,,0,0
360,21.60744095,35.83827848,14.23083753,2.18710649,6.23911182,4.05200533,MoveDC_Pop_Emp_ForecastsPly_111,{985CB712-E5B5-4332-BC11-1603282AE0D1},,,,,0,0
361,14.75235462,15.84386631,1.09151169,0.53558641,0.53558641,0,MoveDC_Pop_Emp_ForecastsPly_379,{1CEF2171-AEC9-4558-880A-5084774FAC3F},,,,,0,0
362,30.84092903,59.1929016,28.35197257,3.61728253,6.62615363,3.0088711,MoveDC_Pop_Emp_ForecastsPly_384,{B4FE71E2-5173-48F6-B01A-09796AB7DA88},,,,,0,0
363,25.09358215,27.93792776,2.8443456,3.1854232,3.6300425,0.4446193,MoveDC_Pop_Emp_ForecastsPly_116,{C0E5D8CD-A25E-4DDD-9676-6B9C46DE15FF},,,,,0,0
364,37.32944107,52.5145502,15.18510913,3.75529701,9.38824252,5.63294551,MoveDC_Pop_Emp_ForecastsPly_113,{ACCB997E-3B03-4004-9ACA-7429C67B5DA8},,,,,0,0
365,13.0956955,25.03495338,11.93925789,2.01423356,13.90265939,11.88842583,MoveDC_Pop_Emp_ForecastsPly_378,{5996A34E-40BF-4D68-B2BE-AE6E3BB09BBA},,,,,0,0
366,28.01062202,38.59011563,10.5794936,1.303559,3.17146367,1.86790467,MoveDC_Pop_Emp_ForecastsPly_122,{EF24815A-B09D-4C8B-8F3E-B710361274D9},,,,,0,0
367,12.79293251,18.96409106,6.17115855,0.32077802,0.80958262,0.4888046,MoveDC_Pop_Emp_ForecastsPly_117,{BFE72BF6-41E7-4003-B2D8-3589DAEA5C88},,,,,0,0
368,0.4308396,0.79539621,0.36455661,63.52674838,63.5930314,0.06628302,MoveDC_Pop_Emp_ForecastsPly_120,{3FA06F13-CBB4-49EF-B700-44E817704C3F},,,,,0,0
369,45.81936646,66.99463381,21.17526736,0.57082106,0.57082106,0,MoveDC_Pop_Emp_ForecastsPly_114,{1B5B30DB-214B-404A-8957-4DE5C9C430D1},,,,,0,0
370,14.40184498,22.6442232,8.24237823,0.32731466,0.32731466,0,MoveDC_Pop_Emp_ForecastsPly_109,{99FFDD28-4038-4274-B40D-A25A1F2F70B0},,,,,0,0
371,30.73098564,40.02502775,9.29404211,2.52448202,2.52448202,0,MoveDC_Pop_Emp_ForecastsPly_121,{6B9E735D-A336-45CD-AE64-11B314595A00},,,,,0,0
372,3.40390944,14.1433312,10.73942176,10.28131456,19.09552671,8.81421215,MoveDC_Pop_Emp_ForecastsPly_112,{AC97C43A-CB58-4C4A-A88F-FFCD2F34904C},,,,,0,0
373,25.77051926,34.56658269,8.79606343,0.6862988,0.6862988,0,MoveDC_Pop_Emp_ForecastsPly_110,{78EE8442-077A-4EB8-8D01-0FD3C4CA297A},,,,,0,0
374,19.81601906,24.60393518,4.78791612,3.46684872,6.1013483,2.63449958,MoveDC_Pop_Emp_ForecastsPly_375,{D894784C-8830-4F55-93E4-A7906C4743A2},,,,,0,0
375,38.90047073,53.89094154,14.99047081,0.88937454,1.44362245,0.5542479,MoveDC_Pop_Emp_ForecastsPly_123,{D10870FF-7FA9-42D9-A067-4125680406A6},,,,,0,0
376,51.03940201,70.01643321,18.9770312,0.49974163,0.49974163,0,MoveDC_Pop_Emp_ForecastsPly_377,{17169D40-A5AD-4079-A67E-2A028981A3AC},,,,,0,0
377,2.69533277,3.01442303,0.31909027,0.48130941,0.48130941,0,MoveDC_Pop_Emp_ForecastsPly_388,{B08692DB-E223-41A8-9C7B-A8EA4D779475},,,,,0,0
378,31.21957588,50.79812104,19.57854516,5.2851265,8.54658002,3.26145353,MoveDC_Pop_Emp_ForecastsPly_115,{59414923-8CE2-4284-B65A-0AE8B4B024D3},,,,,0,0
379,18.99962807,23.44569951,4.44607144,2.75436584,3.94527791,1.19091206,MoveDC_Pop_Emp_ForecastsPly_373,{FEB2E59D-770B-419F-83C0-3A5E079AF505},,,,,0,0
380,10.87308884,13.5710753,2.69798646,1.61270626,2.57627289,0.96356663,MoveDC_Pop_Emp_ForecastsPly_374,{4D8AE864-EF21-46DD-BE27-D2BAC2DC17DD},,,,,0,0
381,22.81490135,29.39058423,6.57568288,1.02395068,1.02395068,0,MoveDC_Pop_Emp_ForecastsPly_108,{F481D8ED-859A-4A71-924B-62D803535E4E},,,,,0,0
382,10.62137413,10.80340642,0.18203229,4.92757252,5.37630335,0.44873083,MoveDC_Pop_Emp_ForecastsPly_376,{9C1209AD-111B-41A6-BAD3-E55AE770FEF6},,,,,0,0
383,22.09833717,30.96548609,8.86714892,0.99995475,2.52968684,1.5297321,MoveDC_Pop_Emp_ForecastsPly_371,{09122677-0983-4336-AB27-EB551D5D6C02},,,,,0,0
384,8.32641697,9.35598381,1.02956684,4.7719603,5.80969824,1.03773794,MoveDC_Pop_Emp_ForecastsPly_387,{D022F999-67B5-4A3A-9185-2CED9984F4CD},,,,,0,0
385,25.72101021,34.53476724,8.81375704,1.20359919,1.42157384,0.21797466,MoveDC_Pop_Emp_ForecastsPly_124,{BD48C274-4B98-4D0E-BA15-A8999AA4B757},,,,,0,0
386,0.9096989,0.94186902,0.03217012,6.3839775,6.3839775,0,MoveDC_Pop_Emp_ForecastsPly_392,{E751695E-9585-47BB-92FC-906A87555242},,,,,0,0
387,42.89538956,56.17341033,13.27802077,4.12171937,4.41678653,0.29506716,MoveDC_Pop_Emp_ForecastsPly_372,{59A9B9AB-7471-4859-88F5-C022B6DCD4CC},,,,,0,0
388,15.61588669,21.37521114,5.75932446,0.78594809,3.2984051,2.51245701,MoveDC_Pop_Emp_ForecastsPly_126,{C16DE9A3-1FE7-4663-A332-F1A41E985C6F},,,,,0,0
389,49.36213303,74.05965938,24.69752635,1.48119319,7.36207873,5.88088554,MoveDC_Pop_Emp_ForecastsPly_127,{60B424AF-4372-4DEA-81B1-00A4AA2ABFFA},,,,,0,0
390,36.62462234,44.75143339,8.12681104,0.20047162,0.20047162,0,MoveDC_Pop_Emp_ForecastsPly_125,{D254D21E-3F14-49E2-A3A4-E563AD48A869},,,,,0,0
391,2.11480761,2.11480755,-5e-08,2.45377671,2.45377671,0,MoveDC_Pop_Emp_ForecastsPly_385,{553A201E-8F8C-4A91-9DA8-02404DDE7A05},,,,,0,0
392,23.56684494,39.23339873,15.66655379,0.55100997,2.53166741,1.98065744,MoveDC_Pop_Emp_ForecastsPly_386,{F03F8EDD-8EB0-4F7B-A752-D9E0806B7837},,,,,0,0
393,0,0,0,0.56593265,0.56593265,0,MoveDC_Pop_Emp_ForecastsPly_393,{F9C11C4F-FF05-40E9-8336-344CF9CAE84A},,,,,0,0
